"key","language","text"
"account-link.cta","en","Confirm account link"
"account-link.eyebrow","en","Security"
"account-link.headline","en","Confirm account link"
"account-link.ignore","en","If you didn't request this account link, leave it unconfirmed and review your account security."
"account-link.lede","en","A new sign-in method is ready to be linked to your {appName} account. Confirm the request to continue."
"account-link.preheader","en","Confirm that you want to link this sign-in method to your {appName} account."
"account-link.reason","en","You're receiving this security email because a request was made to link a sign-in method to your {appName} account."
"account-link.subject","en","Confirm your {appName} account link"
"channel-invitation.cta","en","View invitation"
"channel-invitation.eyebrow","en","Chat"
"channel-invitation.headline","en","Channel invitation"
"channel-invitation.lede","en","{inviterName} invited you to join {channelName}."
"channel-invitation.message.title","en","{appName} · Channel invitation"
"channel-invitation.push.action.view","en","View invitation"
"channel-invitation.push.body","en","{inviterName} invited you to {channelName}"
"channel-invitation.push.title","en","Channel invitation"
"channel-invitation.subject","en","{inviterName} invited you to {channelName}"
"channel-joined.cta","en","Open chat"
"channel-joined.eyebrow","en","Chat"
"channel-joined.headline","en","New channel member"
"channel-joined.lede","en","{joinedProfileName} joined {channelName}."
"channel-joined.message.title","en","{appName} · New channel member"
"channel-joined.push.action.open","en","Open chat"
"channel-joined.push.body","en","{joinedProfileName} joined {channelName}"
"channel-joined.push.title","en","New channel member"
"channel-joined.subject","en","{profileName} joined {channelName}"
"chat-message.attachment-preview","en","Sent an attachment"
"chat-message.cta","en","Open chat"
"chat-message.empty-preview","en","Sent a message"
"chat-message.eyebrow","en","Chat"
"chat-message.headline","en","New message in {channelName}"
"chat-message.lede","en","{senderName} sent a message while you were away from the channel."
"chat-message.message.title","en","{appName} · New message"
"chat-message.preheader","en","{senderName}: {preview}"
"chat-message.push.action.open","en","Open chat"
"chat-message.push.title","en","{senderName} in {channelName}"
"chat-message.subject","en","{senderName} sent a message in {channelName}"
"form-submission-receipt.eyebrow","en","Forms"
"form-submission-receipt.headline","en","Submission received"
"form-submission-receipt.lede","en","Your submission to {formName} was received."
"form-submission-receipt.meta-label","en","Received"
"form-submission-receipt.preheader","en","We received your {formName} submission."
"form-submission-receipt.reason","en","You're receiving this because you submitted {formName} on {appName}."
"form-submission-receipt.sent-label","en","What you sent"
"form-submission-receipt.subject","en","Your {formName} submission was received"
"form-submission.anonymous","en","Anonymous"
"form-submission.cta","en","Review submission"
"form-submission.empty","en","This submission carried no field values."
"form-submission.eyebrow","en","Forms"
"form-submission.from","en","From {submitter}"
"form-submission.headline","en","New form submission"
"form-submission.lede","en","{formName} received a new submission from {submitter}."
"form-submission.meta-label","en","Submission"
"form-submission.preheader","en","{formName} received a new submission from {submitter}."
"form-submission.reason","en","You're receiving this because you're a reviewer for {formName} on {appName}."
"form-submission.subject","en","New submission: {formName}"
"git-pr.actor-label","en","By"
"git-pr.cta","en","View pull request"
"git-pr.eyebrow","en","Git · Pull request"
"git-pr.headline.assigned","en","Pull request assigned"
"git-pr.headline.closed","en","Pull request closed"
"git-pr.headline.commented","en","New review comment"
"git-pr.headline.merged","en","Pull request merged"
"git-pr.headline.opened","en","Pull request opened"
"git-pr.headline.ready","en","Ready for review"
"git-pr.headline.reopened","en","Pull request reopened"
"git-pr.headline.resolved","en","Review thread resolved"
"git-pr.headline.reviewed","en","New pull request review"
"git-pr.headline.source-updated","en","Source branch updated"
"git-pr.headline.unassigned","en","Pull request unassigned"
"git-pr.headline.updated","en","Pull request updated"
"git-pr.lede","en","There is new activity on {repository} pull request #{number}."
"git-pr.reason","en","You're receiving this because you're involved with this pull request on {appName}."
"git-pr.review-label","en","Review"
"git-pr.subject.assigned","en","Assignment changed on PR #{number}: {title}"
"git-pr.subject.closed","en","PR #{number} closed: {title}"
"git-pr.subject.commented","en","New comment on PR #{number}: {title}"
"git-pr.subject.merged","en","PR #{number} merged: {title}"
"git-pr.subject.opened","en","PR #{number} opened: {title}"
"git-pr.subject.ready","en","PR #{number} is ready for review: {title}"
"git-pr.subject.reopened","en","PR #{number} reopened: {title}"
"git-pr.subject.resolved","en","Thread resolved on PR #{number}: {title}"
"git-pr.subject.reviewed","en","New review on PR #{number}: {title}"
"git-pr.subject.source-updated","en","New commits on PR #{number}: {title}"
"git-pr.subject.unassigned","en","Assignment changed on PR #{number}: {title}"
"git-pr.subject.updated","en","PR #{number} updated: {title}"
"git-ref.action.created","en","created"
"git-ref.action.deleted","en","deleted"
"git-ref.action.updated","en","updated"
"git-ref.cta","en","View repository"
"git-ref.eyebrow","en","Git · Repository activity"
"git-ref.headline","en","{kind} {action}"
"git-ref.kind.branch","en","Branch"
"git-ref.kind.tag","en","Tag"
"git-ref.lede","en","There is new activity in {repositoryName}."
"git-ref.reason","en","You're receiving this because you own this repository on {appName}."
"git-ref.subject","en","{kind} {ref} {action} in {repository}"
"relationship-added.cta","en","View profile"
"relationship-added.eyebrow","en","Relationships"
"relationship-added.headline","en","Relationship added"
"relationship-added.lede","en","{relatedProfileName} is now in your relationships."
"relationship-added.message.title","en","{appName} · Relationship added"
"relationship-added.push.action.view","en","View profile"
"relationship-added.push.body","en","{relatedProfileName} was added to your relationships"
"relationship-added.push.title","en","Relationship added"
"relationship-added.subject","en","{profileName} was added to your relationships"
"relationship-request.cta","en","View request"
"relationship-request.eyebrow","en","Relationships"
"relationship-request.headline","en","New relationship request"
"relationship-request.lede","en","{requesterName} would like to connect with you."
"relationship-request.message.title","en","{appName} · Relationship request"
"relationship-request.push.action.view","en","View request"
"relationship-request.push.body","en","{requesterName} sent you a relationship request"
"relationship-request.push.title","en","Relationship request"
"relationship-request.subject","en","{requesterName} sent you a relationship request"
"reset-password.cta","en","Reset password"
"reset-password.eyebrow","en","Account recovery"
"reset-password.headline","en","Reset your password"
"reset-password.ignore","en","If you didn't request this, you can safely ignore this email — your password won't change."
"reset-password.lede","en","We received a request to reset the password for your {appName} account. Use the button below to choose a new one."
"reset-password.preheader","en","Use the link inside to choose a new password."
"reset-password.reason","en","You're receiving this because a password reset was requested for your {appName} account."
"reset-password.subject","en","Reset your {appName} password"
"security-alert.cta","en","Review account security"
"security-alert.escalation","en","If you don't recognize this activity, review your account security and change your password right away."
"security-alert.event-label","en","Security event"
"security-alert.eyebrow","en","Security"
"security-alert.headline","en","Security alert"
"security-alert.lede","en","There was recent security activity on your {appName} account. If this was you, no action is needed."
"security-alert.preheader","en","{event} — if this was you, no action is needed."
"security-alert.reason","en","You're receiving this because security alerts are always sent for your {appName} account."
"security-alert.subject","en","Security alert for your {appName} account"
"shared.expires","en","This link expires in {expiresIn}."
"shared.footer.preferences","en","Manage email preferences"
"shared.footer.unsubscribe","en","Unsubscribe"
"shared.greeting","en","Hi {name},"
"shared.paste-label","en","Or paste this link into your browser"
"social.reason","en","You're receiving this because your social notification preferences include email for this activity."
"verify-message.cta","en","Verify email address"
"verify-message.eyebrow","en","Account"
"verify-message.headline","en","Verify your email address"
"verify-message.ignore","en","If you didn't create an account on {appName}, you can safely ignore this message."
"verify-message.lede","en","Confirm this email address to finish setting up your {appName} account."
"verify-message.preheader","en","Confirm this address to finish setting up your {appName} account."
"verify-message.reason","en","You're receiving this because this email address was used to create an account on {appName}."
"verify-message.subject","en","Verify your email address"
"welcome.cta","en","Get started"
"welcome.eyebrow","en","Getting started"
"welcome.headline","en","Welcome to {appName}"
"welcome.highlights-label","en","What's inside"
"welcome.lede","en","Your {appName} account is ready. Everything starts from here — sign in and make it yours."
"welcome.reason","en","You're receiving this because an account was created with this email address on {appName}."
"welcome.subject","en","Welcome to {appName}"
"workops-automation.eyebrow","en","WorkOps automation"
"workops-automation.lede","en","A WorkOps automation rule sent you this message."
"workops-automation.reason","en","You're receiving this because a WorkOps automation rule selected your verified profile."
"workops.cta","en","View in WorkOps"
"workops.eyebrow","en","WorkOps · {projectName}"
"workops.preheader","en","{event}: {entityKey} in {projectName}"
"workops.reason","en","You're receiving this because your WorkOps notification preferences include email for this activity."
"workops.subject","en","{entityKey}: {title}"
